page number,count,url
4,47,https://www.nofrills.ca/en/medium-ground-beef/p/21604937_EA?source=nspt
8,19,https://www.nofrills.ca/en/chicken-broth/p/20322348002_EA?source=nspt
9,39,https://www.nofrills.ca/en/essential-clean-liquid-dish-soap-original-scent/p/20861400_EA?source=nspt
12,10,https://www.nofrills.ca/en/cashews-salted/p/20314862002_EA?source=nspt
12,31,https://www.nofrills.ca/en/granulated-sugar/p/20145033_EA?source=nspt
20,70,https://www.nofrills.ca/en/punch-drink/p/20109062_EA?source=nspt
26,91,https://www.nofrills.ca/en/vector-meal-replacement-cereal/p/20072706_EA?source=nspt
31,88,https://www.nofrills.ca/en/vector-meal-replacement-family-size/p/21504064_EA?source=nspt
33,19,https://www.nofrills.ca/en/chocolate-milk/p/20766719_EA?source=nspt
33,20,https://www.nofrills.ca/en/cilantro/p/20091825001_EA?source=nspt
44,89,https://www.nofrills.ca/en/vector-meal-replacement-cereal/p/20015041_EA?source=nspt
50,9,https://www.nofrills.ca/en/avocado/p/21097012001_EA?source=nspt
50,70,https://www.nofrills.ca/en/ranch/p/20301959001_EA?source=nspt
50,73,https://www.nofrills.ca/en/red-peppers/p/20007535001_KG?source=nspt
54,57,https://www.nofrills.ca/en/pink-lemonade-frozen-concentrate/p/21740240_EA?source=nspt
55,71,https://www.nofrills.ca/en/original-bread/p/21509822_EA?source=nspt
56,72,https://www.nofrills.ca/en/salted-butter/p/20325029_EA?source=nspt
58,95,https://www.nofrills.ca/en/white-potatoes-10-lb-bag/p/20600997001_EA?source=nspt
60,19,https://www.nofrills.ca/en/cauliflower/p/20135377001_EA?source=nspt
60,20,https://www.nofrills.ca/en/celery-stalks/p/20163119001_EA?source=nspt
62,29,https://www.nofrills.ca/en/cream-of-mushroom-ready-to-serve-soup/p/21479122_EA?source=nspt
64,71,https://www.nofrills.ca/en/regular-ripple-cut-potato-chips/p/21302821_EA?source=nspt
66,59,https://www.nofrills.ca/en/peaches-cream-corn/p/21021485_EA?source=nspt
66,60,https://www.nofrills.ca/en/pineapple/p/20160992001_EA?source=nspt
68,67,https://www.nofrills.ca/en/red-onion/p/20134101001_KG?source=nspt
70,40,https://www.nofrills.ca/en/giuseppe-pizzeria-easy-pizzi-3-cheese/p/21362407_EA?source=nspt
76,33,https://www.nofrills.ca/en/double-cream-brie-cheese/p/20787166_EA?source=nspt
77,79,https://www.nofrills.ca/en/smoked-whole-responsibly-farmed-oysters-in-sunflow/p/21193916_EA?source=nspt
77,80,https://www.nofrills.ca/en/soda/p/21356963_C06?source=nspt
79,20,https://www.nofrills.ca/en/cauliflower/p/20135377001_EA?source=nspt
86,20,https://www.nofrills.ca/en/beer-id-required-at-pick-up/p/20955258_C06?source=nspt
91,81,https://www.nofrills.ca/en/spaghetti-bolognese/p/21546916_EA?source=nspt
92,76,https://www.nofrills.ca/en/ritz-drizzled-minis-fudge-crackers-sweet-salty-sna/p/21712595_EA?source=nspt
96,40,https://www.nofrills.ca/en/extra-lean-boneless-skinless-chicken-breasts/p/21606270_EA?source=nspt
98,66,https://www.nofrills.ca/en/pizza-pops/p/21689482_EA?source=nspt
99,87,https://www.nofrills.ca/en/thin-sandwich-white-bread/p/20308743_EA?source=nspt
103,39,https://www.nofrills.ca/en/ground-mustard/p/20618573_EA?source=nspt
103,40,https://www.nofrills.ca/en/hickory-smoked-classic-cut-bacon/p/20772671_EA?source=nspt
103,45,https://www.nofrills.ca/en/kiwis/p/20130242001_EA?source=nspt
108,40,https://www.nofrills.ca/en/gluten-free-waffles-blueberry/p/21419170_EA?source=nspt
111,34,https://www.nofrills.ca/en/kids-yogurt-drink-vanilla-super-mario/p/21520257_EA?source=nspt
115,56,https://www.nofrills.ca/en/navel-orange/p/20426078001_KG?source=nspt
118,88,https://www.nofrills.ca/en/sweet-baby-peppers-4-pack/p/20117550001_EA?source=nspt
122,20,https://www.nofrills.ca/en/burrito-tortillas/p/21687355_EA?source=nspt
128,4,https://www.nofrills.ca/en/blueberries-1-pint/p/20080137001_EA?source=nspt
128,5,https://www.nofrills.ca/en/cabbage-green/p/20793034001_KG?source=nspt
128,6,https://www.nofrills.ca/en/carrots-3-lb-bag/p/20600927001_EA?source=nspt
128,7,https://www.nofrills.ca/en/cauliflower/p/20135377001_EA?source=nspt
128,8,https://www.nofrills.ca/en/chicken-breast-boneless-skinless-club-pack/p/20654124_KG?source=nspt
128,9,https://www.nofrills.ca/en/chicken-drumstick/p/20654051_KG?source=nspt
128,87,https://www.nofrills.ca/en/sweetened-condensed-milk/p/20112979_EA?source=nspt
143,93,https://www.nofrills.ca/en/whole-white-mushrooms/p/20776239_EA?source=nspt
154,97,https://www.nofrills.ca/smooth-peanut-butter/p/20064825001_EA?source=sptd
160,11,https://www.nofrills.ca/en/bonito-fish-stock/p/21530628_EA?source=nspt
164,96,https://www.nofrills.ca/en/white-potatoes-10-lb-bag/p/20600997001_EA?source=nspt
165,34,https://www.nofrills.ca/en/natural-vanilla-ice-cream/p/21651169_EA?source=nspt
166,65,https://www.nofrills.ca/en/non-sparkling-beverage-awakening-orange/p/21723303_EA?source=nspt
167,80,https://www.nofrills.ca/en/original-macaroni-and-cheese-dinner/p/21549526_EA?source=nspt
168,60,https://www.nofrills.ca/en/oreo-puffs-cereal/p/21648226_EA?source=nspt
184,62,https://www.nofrills.ca/en/navy-beans/p/21671553_EA?source=nspt
188,20,https://www.nofrills.ca/en/chicken-leg-back-attached/p/20654709_KG?source=nspt
188,79,https://www.nofrills.ca/en/salted-butter/p/20639926_EA?source=nspt
188,80,https://www.nofrills.ca/en/shredded-cheddar-cheese-with-habanero/p/21200688_EA?source=nspt
189,34,https://www.nofrills.ca/en/energy-bars-cookies-cr-me-granola-bar/p/21664831_EA?source=nspt
197,75,https://www.nofrills.ca/en/rice-krispies-treats-mini-squares-halloween/p/20795842_EA?source=nspt
198,72,https://www.nofrills.ca/en/rocha-pears/p/20129549001_KG?source=nspt
200,60,https://www.nofrills.ca/en/organic-long-grain-brown-rice/p/21166775_EA?source=nspt
204,23,https://www.nofrills.ca/en/country-fried-chicken-croquettes-bowl/p/21219524_EA?source=nspt
207,56,https://www.nofrills.ca/en/original-thick-cheddar-slices/p/21278710_EA?source=nspt
